Player,Team,Pos,G,MP,PER,TS%,eFG%,3PAr,FTr,ORB%,TRB%,AST%,STL%,BLK%,TOV%,USG%,ORtg,DRtg,OWS,DWS,WS,WS/40,DWS_40,skill_score,skill_z
Monique Akoa Makani,PHO,G,41,881,12.2,0.40636484955582447,0.523,0.464,0.155,3.2,-0.8248538316862094,0.572726269608178,1.9,0.3,16.3,-0.27697898096004586,107,106.0,1.2,1.0,2.2,0.2534584818623195,0.033319809482896486,0.31113365788288716,0.4234440704692737
Julie Allemand,LAS,G,34,963,11.5,0.32467022999531486,0.528,0.635,0.119,1.6,-0.4141492254820254,1.1284900226832943,2.4,0.1,24.1,-1.5746178423756716,110,111.0,1.2,0.4,1.5,-0.0928049943661074,-0.8224747150432392,0.6168620187610436,0.8350712520619594
Lindsay Allen,CON,G,31,450,6.6,-0.16549748736774278,0.423,0.277,0.354,2.3,-1.173952746959766,0.6796039144303158,1.2,1.3,29.2,-1.4832348239661206,93,116.0,-0.2,-0.2,-0.3,-1.0128765169159273,-1.8448702607638932,1.3722921315411456,1.852168806638667
Rebecca Allen,CHI,F-G,44,821,7.9,-0.6102793049749613,0.429,0.55,0.129,2.3,-0.3730787648616071,-0.389172533791062,1.5,2.6,13.3,-0.5145748288248788,90,112.0,-0.6,0.2,-0.5,-0.9436238216702421,-1.0267167950871128,0.6141499716235629,0.8314198004388873
Laeticia Amihere,GSV,F,29,385,18.3,0.3519017698488181,0.469,0.184,0.553,10.8,1.865261338951196,-0.19679277311121393,2.4,3.6,18.4,0.3992553552706321,105,96.0,0.5,1.0,1.5,0.8173732860057575,1.7721610729234116,-1.5476652011632597,-2.0792093742394346
Yvonne Anderson,MIN,G,1,12,1.2,-4.640547203293432,0.0,0.333,0.0,0.0,-1.0096709044780923,0.6047895630548195,8.7,0.0,0.0,-1.3370219945108386,44,88.0,-0.1,0.0,0.0,-1.0623427278057027,-1.316385606695729,0.9785610440705232,1.3220563323643346
Ariel Atkins,CHI,G,34,970,16.0,0.3609789497999858,0.503,0.326,0.255,2.8,-0.6195015285841174,0.8933592040745914,2.8,2.3,17.1,0.7099576178631056,103,110.0,1.1,0.5,1.6,-0.08291175218815233,-0.7034523738847139,0.6576342037522909,0.8899661906509616
Shakira Austin,WAS,F-C,38,874,18.4,-0.04749414800256224,0.467,0.036,0.355,8.0,1.454556732747012,0.1238401613551994,2.4,4.7,16.2,2.0258730829606413,93,100.0,-0.8,1.8,1.1,-0.2412036270354332,1.132542138128143,-0.9952594693637004,-1.3354602048029796
Marième Badiane,MIN,C,3,11,-18.2,-4.640547203293432,0.0,0.333,0.0,11.1,-0.9275299832372554,-1.6182654492456465,9.5,0.0,40.0,0.38097875158872163,15,89.0,-0.1,0.0,-0.1,-4.356792373064735,-1.316385606695729,0.9377911195387765,1.2671644372174606
Rachel Banham,CHI,G,44,1081,10.6,0.2974386901418117,0.509,0.713,0.175,0.7,-1.2150232075801843,0.4017220378927574,1.3,1.0,16.3,-0.13076615150476398,103,116.0,0.9,-0.3,0.5,-0.5281076501961297,-1.6463829623812152,1.2816181627200538,1.7300870013313603
Sarah Ashlee Barker,LAS,G,34,481,4.1,-0.483198785658613,0.423,0.587,0.231,2.5,-0.352543534551398,-0.6136155879175513,1.2,0.8,24.4,-0.861830298781173,81,113.0,-0.8,0.0,-0.8,-1.3591399931443544,-1.316385606695729,0.7413538907058153,1.0026848755826328
Kierstan Bell,LVA,F,35,427,10.3,-0.5104303255121162,0.435,0.669,0.097,5.4,-0.29093784362077024,-0.6884299392930479,1.7,2.3,9.6,0.033723281632427736,95,106.0,-0.1,0.5,0.3,-0.41928198623862417,0.07599199477191619,0.015904515735674182,0.025952848663667642
Monique Billings,GSV,F,26,474,16.9,0.3065158700929794,0.51,0.238,0.351,9.3,0.9001055143713637,-0.9983751092772473,1.8,4.7,10.8,0.07027648899624804,108,99.0,0.7,1.0,1.7,0.7085476220482518,1.1922440803366952,-1.0007136130939764,-1.3428035660967972
Aliyah Boston,IND,C-F,44,1327,22.8,0.6242171683838491,0.544,0.058,0.292,9.6,1.351880581195966,0.6582283854658884,2.0,2.8,12.5,0.5637447884078238,118,101.0,4.6,2.5,7.1,1.4010745745051059,0.9237999088531955,-0.9015390496878359,-1.2092767127054491
Crystal Bradford,LVA,F,4,24,7.0,-1.6178462795545787,0.333,0.333,0.0,9.7,0.4688656778569701,-0.9449362868661784,4.3,0.0,14.3,-1.0080431282364546,80,101.0,0.0,0.0,0.0,-0.6567197985095454,-1.316385606695729,0.3731142784654796,0.5068936663474458
Cameron Brink,LAS,F,19,244,15.3,0.13404945102079244,0.488,0.415,0.256,13.0,2.0911488723634974,-0.9769995803128197,2.1,9.8,21.5,0.45408516631636286,94,102.0,-0.1,0.4,0.3,-0.1818441739677029,0.6329430353589744,-1.1004282501945886,-1.4770575650237086
Jaelyn Brown,CON,G-F,10,131,6.3,-0.21088338712358146,0.486,0.486,0.054,3.5,-0.9069947529270463,-1.4793245109768673,2.0,1.5,11.7,-0.7156174693258911,90,114.0,-0.1,0.0,-0.1,-0.9930900325600173,-1.316385606695729,0.8532341941728013,1.1533185095038365
Kalani Brown,PHO,C,29,370,18.8,1.3867002842819387,0.63,0.083,0.365,10.9,1.6804442661593135,-0.8273708775618268,1.0,4.6,17.1,-0.459745017779148,119,100.0,1.0,0.7,1.7,1.124063793522364,0.9332450153511855,-1.142695562862345,-1.5339655166999984
Lexie Brown,SEA,G,24,227,8.5,-0.2199605670747492,0.458,0.771,0.208,1.0,-1.1123470560291384,-0.06853959932464868,2.0,0.4,10.3,-1.2821921834651078,103,106.0,0.1,0.3,0.4,-0.043338783476332084,0.25509959813251193,0.2306883130060605,0.31513390098160665
Paige Bueckers,DAL,G,36,1199,22.1,0.5062138290186685,0.513,0.217,0.28,2.3,-0.6400367588943268,1.6094394243829144,2.4,1.4,10.6,1.0754896915013101,115,112.0,4.0,0.4,4.4,0.728334106404162,-0.9196915377538211,0.8055729973556034,1.0891483289525588
Kennedy Burke,NYL,G-F,36,779,13.9,0.8239151273095393,0.573,0.509,0.248,3.3,-0.7427129104453727,-0.6029278234353376,1.8,1.9,12.3,-0.4414684140972382,110,106.0,1.2,0.9,2.1,0.35239090364187,0.057403128205467634,0.17048982317447986,0.23408373398259238
Rae Burrell,LAS,G-F,28,515,13.0,0.17943535077663111,0.494,0.376,0.264,4.3,-0.4757549164126531,-0.4639868851665584,1.6,1.1,11.2,0.10682969636006835,104,113.0,0.5,0.0,0.6,-0.28077659574725344,-1.316385606695729,0.7820369583984706,1.0574598282392043
Veronica Burton,GSV,G,44,1292,19.3,0.45175074931166315,0.466,0.46,0.491,4.6,-0.24986738300035197,2.4003339960667343,2.1,2.2,16.7,0.2713191294972607,117,102.0,4.2,2.2,6.4,1.2328894574798699,0.7083814502991722,-0.09148532104571078,-0.11863490145231559
Maya Caldwell,ATL,G,41,760,12.7,0.2792843302394762,0.526,0.564,0.103,5.2,-0.003444619277841329,0.006274752050847698,2.6,0.8,16.4,-0.7521706766897118,107,100.0,0.8,1.5,2.4,0.5106827784891509,1.030503482093815,-0.5301240729089989,-0.7092102496084407
Jordin Canada,ATL,G,28,783,16.5,-0.12011158761190412,0.441,0.315,0.352,1.2,-0.6195015285841174,1.930072358849328,3.2,1.0,16.4,0.6002979957716448,104,99.0,0.9,1.7,2.6,0.6096152002687015,1.2652923011085206,-0.24889060022311038,-0.33056254614153324
Emma Cannon,LAS,F,21,213,13.6,1.1325392456492422,0.619,0.571,0.365,6.3,0.16083722320383206,-0.9556240513483923,2.4,0.4,18.0,-0.02110652941330305,107,110.0,0.3,0.1,0.4,0.025913911769353218,-0.7581271692997811,0.24840275705177411,0.3389843107213967
Kamilla Cardoso,CHI,C,40,1102,19.8,0.4880594691163331,0.53,0.005,0.315,12.7,1.7009794964695222,0.28415662858840607,0.7,4.0,16.8,0.8561704473183875,107,110.0,1.9,0.6,2.5,0.17431254443867902,-0.6689679270296479,-0.2268390395820521,-0.300872720407582
Bridget Carleton,MIN,F,44,1227,10.0,0.24297561043480526,0.526,0.665,0.098,3.9,-0.45521968610244384,-0.5388012365420549,1.6,0.9,11.1,-1.3918518055565694,112,104.0,1.6,1.8,3.4,0.36228414581982504,0.4280013932847637,-0.13407793263610893,-0.1759808297635421
Tina Charles,CON,C,43,1222,17.7,0.034200471557947365,0.449,0.078,0.331,5.8,0.448330447546761,-0.2609193600044967,1.4,1.5,10.8,1.7334474240500781,102,112.0,1.1,0.3,1.5,-0.25109686921338825,-1.0244648689739524,0.3645644096096786,0.49538227626903886
Kaitlyn Chen,GSV,G,24,247,4.6,-0.5376618653656194,0.43,0.3,0.14,2.4,-0.9686004438576739,0.1559034548018408,1.1,0.0,25.3,-0.9897665245545444,85,108.0,-0.3,0.2,-0.1,-0.8743711264245566,-0.35355931385899286,0.5307867145325147,0.7191810062811866
Sonia Citron,WAS,G,44,1415,16.4,0.8874553869677134,0.556,0.384,0.314,2.5,-0.4757549164126531,-0.16472947966457271,2.0,1.2,14.4,0.307872336861081,110,106.0,2.7,1.5,4.2,0.4513233254214205,-0.05586567208085023,0.18161482021828596,0.24906223046625323
Caitlin Clark,IND,G,13,404,16.5,-0.18365184727007827,0.441,0.531,0.255,0.3,-0.02397984958805046,3.426359386359257,2.7,1.6,23.2,2.318298741871205,94,102.0,-0.3,0.7,0.5,-0.28077659574725344,0.7439196659709993,-0.004464820208243014,-0.0014720599101586916
Natasha Cloud,NYL,G,41,1191,14.2,0.3155930500441471,0.507,0.441,0.198,1.5,-0.5168253770330714,1.4704984861141353,2.1,1.1,16.9,-0.20387256623240524,108,104.0,1.8,1.7,3.5,0.4315368410655105,0.3808887860924553,0.10376452428009406,0.1442459883251925
Nia Coffey,ATL,F,44,455,14.1,-0.07472568785606544,0.456,0.558,0.34,6.9,1.0027816659224096,0.10246463239077193,1.2,3.4,15.1,0.23476592213344039,103,99.0,0.4,1.0,1.4,0.47110980977733063,1.2970000452896973,-0.9867820485555765,-1.3240463574765486
Napheesa Collier,MIN,F,33,1065,30.2,1.1325392456492422,0.579,0.239,0.33,7.1,0.7358236718896899,0.32690768651726104,2.7,4.3,10.6,1.788277235095809,123,96.0,5.5,2.7,8.3,2.3409325814108355,1.6982099552423902,-1.0965954316676823,-1.4718971269038854
Sydney Colson,IND,G,30,404,5.8,-0.5648934052191226,0.428,0.618,0.092,2.1,-1.2560936682006028,0.5941017985726055,1.9,1.4,30.7,-1.1177027503279162,86,107.0,-0.4,0.4,0.0,-0.7655454624670511,-0.13906830802902692,0.5567025722282845,0.7540736522602042
Zia Cooke,SEA,G,26,261,5.6,-0.3016551866352588,0.446,0.452,0.274,2.7,-1.379305050061858,-0.7525565261863305,2.0,0.3,18.9,0.28959573317917053,83,107.0,-0.5,0.3,-0.3,-1.1513819074072982,0.05038505037710901,0.44326371363129524,0.601341607665953
Kahleah Copper,PHO,G-F,28,752,14.4,0.3337474099464826,0.503,0.418,0.244,1.6,-0.7632481407555819,-0.485362414130986,2.0,0.6,13.4,1.6055111982767067,98,105.0,0.2,1.0,1.2,-0.0928049943661074,0.26485172263055967,0.13939228919055316,0.19221457198689515
Sophie Cunningham,IND,G,30,756,12.8,1.3050056647214292,0.614,0.674,0.274,2.4,-0.31147307393097934,-0.8594341710084683,2.0,0.4,14.8,-0.9532133171907241,118,105.0,1.5,1.0,2.5,0.5601489893789262,0.25648538755475914,-0.10926237380396672,-0.14256960643973304
Damiris Dantas,IND,C-F,38,439,8.4,-0.5285846854144517,0.417,0.525,0.155,7.6,0.551006599097807,-0.6670544103286202,0.7,0.6,13.0,0.7099576178631056,92,107.0,-0.3,0.4,0.1,-0.6270400719756803,-0.2329318739819529,-0.10404399573433538,-0.13554367580275334
Kariata Diaby,CON,C,13,103,5.8,0.9873043664305585,0.5,0.0,1.0,3.3,-0.49629014672286226,-0.7846198196329718,3.0,0.9,37.3,-0.8435536950992628,85,110.0,-0.1,0.1,-0.1,-1.0326630012718374,-0.16192883810022493,0.2297226408771323,0.3138337373473544
Skylar Diggins,SEA,G,43,1343,18.8,0.2248212505324698,0.481,0.315,0.351,2.3,-1.0507413650985107,1.780443656098335,2.0,2.3,12.8,1.0023832767736693,108,105.0,2.9,1.8,4.6,0.6392949268025667,0.2773320768307522,0.38073823049507616,0.5171584186181433
Stefanie Dolson,WAS,C,43,653,8.5,0.20666689063013433,0.518,0.528,0.141,3.0,-0.16772646175951508,-0.02578854139579352,1.0,2.1,16.1,-1.1177027503279162,102,107.0,0.3,0.6,1.0,-0.14227120525588272,-0.22380630655480804,0.15182609641155392,0.20895522701852656
Emily Engstler,WAS,F,40,512,14.7,-0.2199605670747492,0.455,0.47,0.269,8.9,1.167063508404083,0.42309756685718525,2.8,5.1,20.2,-0.3500853956876871,96,99.0,0.0,1.1,1.1,0.08527336483708359,1.2383009534970562,-0.9862416785239736,-1.3233188129579867
Dana Evans,LVA,G,44,777,10.8,-0.21088338712358146,0.456,0.367,0.193,1.2,-1.3176993591312303,0.572726269608178,1.1,0.6,11.0,0.16165950740579912,101,110.0,0.4,0.4,0.8,-0.30056308010316357,-0.7042412197441875,0.8625764543532201,1.1658967610495081
Temi Fagbenle,GSV,C,39,925,12.9,0.2974386901418117,0.526,0.249,0.145,9.0,0.42779521723655184,-0.28229488896892424,2.0,2.6,18.0,-0.459745017779148,103,101.0,0.7,1.7,2.4,0.29303145057413965,0.8689698547212735,-0.6112666794817547,-0.8184591997375356
Sania Feagin,LAS,F,16,77,0.2,-1.4998429401893987,0.357,0.143,0.071,4.8,-0.29093784362077024,-0.7418687617041168,0.0,7.2,19.5,0.36270214790681177,66,112.0,-0.4,0.0,-0.3,-2.4968628436091853,-1.316385606695729,0.7650100664456734,1.0345351263054952
Leonie Fiebich,NYL,F,37,1041,12.1,1.2233110451609195,0.604,0.543,0.281,2.7,-0.5373606073432807,-0.5815522944709101,1.7,1.2,15.3,-1.0628729392821854,115,106.0,1.8,1.3,3.0,0.4315368410655105,0.16854966049868017,0.03772708026591107,0.05533435814124557
Rebekah Gardner,NYL,G,41,502,12.5,1.0236130862352295,0.591,0.382,0.245,6.6,-0.29093784362077024,-0.773932055150758,2.6,1.3,15.9,-0.9897665245545444,114,104.0,0.8,0.7,1.6,0.5106827784891509,0.3417086764862595,-0.15403760324849647,-0.20285417228268698
Luisa Geiselsoder,DAL,C,28,628,12.0,0.09774073121612151,0.511,0.525,0.061,4.2,0.4688656778569701,-0.4319235917199172,1.8,2.9,13.2,-0.7521706766897118,102,110.0,0.4,0.4,0.8,-0.25109686921338825,-0.5590031406744748,0.06771306592839474,0.09570695141350001
Allisha Gray,ATL,G,42,1451,19.7,0.7876064075048683,0.54,0.467,0.419,3.0,-0.16772646175951508,0.2520933351417647,1.6,0.9,10.3,0.7282342215450162,119,102.0,5.2,2.5,7.7,1.3713948479712406,0.7323574526656927,-0.3053278158948395,-0.40654860107331897
Chelsea Gray,LVA,G,44,1368,15.4,0.5515997287745072,0.521,0.444,0.27,2.1,-0.5168253770330714,1.4063718992208527,2.3,1.8,22.5,-0.057659736777123355,106,105.0,1.7,1.8,3.5,0.30292469275209466,0.24820711916396707,0.1753045937679478,0.24056625475270307
Brittney Griner,ATL,C,39,810,16.1,0.47898228916516533,0.527,0.063,0.282,5.4,1.0027816659224096,-0.8380586420440407,0.3,5.0,14.8,0.6916810141811959,102,100.0,0.7,1.7,2.4,0.4315368410655105,1.1792363708483788,-0.9889525882784325,-1.326968733228958
Megan Gustafson,LVA,C,20,226,5.6,-0.35611826634226523,0.465,0.684,0.263,4.1,-0.12665600113909647,-1.2548814568503779,0.7,2.3,8.6,-0.861830298781173,96,107.0,0.0,0.2,0.2,-0.4093887440606691,-0.2640931539051367,0.059216949483355055,0.08426793261684763
Dearica Hamby,LAS,F,44,1374,23.8,0.8511466671630424,0.586,0.095,0.417,10.0,1.0849225871632462,0.5192874471971091,2.5,1.4,14.9,1.2399791246385024,114,108.0,4.4,1.2,5.6,0.8767327390734879,-0.2778786445530486,-0.19737337337178704,-0.2612006759134305
Isabelle Harrison,NYL,F,34,360,17.2,0.3155930500441471,0.5,0.112,0.321,9.9,0.9001055143713637,-0.34642147586220684,2.9,0.5,13.1,0.6916810141811959,106,101.0,0.5,0.7,1.2,0.6096152002687015,0.9957347548524886,-0.8329001684418702,-1.1168625540915809
Tyasha Harris,DAL,G,5,82,13.7,0.8874553869677134,0.583,0.611,0.111,1.3,-1.3176993591312303,0.9681735554500877,1.2,2.3,13.7,-1.3187453908289284,125,115.0,0.2,0.0,0.2,0.21388551315049925,-1.316385606695729,1.1599354495498437,1.5662555788001462
Bria Hartley,CON,G,38,867,10.5,-0.056571327953729975,0.454,0.502,0.314,1.5,-0.9686004438576739,0.9254224975212327,1.7,0.0,17.1,0.4175319589525426,97,115.0,0.0,-0.1,-0.2,-0.7952251890009162,-1.4535356034262212,1.1631447417338692,1.5705765122353805
Tiffany Hayes,GSV,G,26,700,14.1,0.4154420295069922,0.504,0.426,0.338,3.1,-0.31147307393097934,0.6475406209836744,1.1,0.6,15.3,0.47236176999827273,107,105.0,1.1,0.9,1.9,0.3721773879977801,0.21244499971574551,0.061787290328675526,0.08772859342977589
Lexi Held,PHO,G,32,471,9.8,-0.20180620717241374,0.463,0.555,0.134,2.6,-1.1944879772699752,-0.3143581824155656,2.5,1.0,13.9,0.08855309267815852,94,105.0,-0.2,0.6,0.4,-0.389602259704759,0.19837932534677924,0.3091255739327194,0.4207404222554317
Natisha Hiedeman,MIN,G,44,833,17.9,0.7422205077490297,0.567,0.404,0.218,1.6,-0.8248538316862094,0.9254224975212327,2.0,1.0,13.8,0.4906383736801832,114,103.0,2.2,1.3,3.5,0.9459854343191734,0.5393378184535864,0.08761597775358959,0.12250387491958495
Naz Hillmon,ATL,F,44,1122,15.8,0.6514487082373523,0.552,0.55,0.197,7.4,0.9001055143713637,-0.015100776913579781,1.0,1.4,13.3,-0.62423445091634,118,102.0,2.7,2.0,4.8,0.9558786764971284,0.8032052518664259,-0.7472203521623091,-1.0015047861918913
Myisha Hines-Allen,DAL,F,40,882,13.8,0.16128099087429565,0.482,0.241,0.333,7.2,1.167063508404083,0.6261650920192469,1.8,1.9,23.4,-0.07593634045903383,98,109.0,0.1,0.6,0.8,-0.389602259704759,-0.5074805239383351,-0.0900658968533348,-0.11672381417825974
Joyner Holmes,LVA,F,6,29,-4.4,-1.9900106575524559,0.292,0.417,0.0,8.0,0.448330447546761,-1.6182654492456465,0.0,0.0,14.3,0.5820213920897342,61,110.0,-0.2,0.0,-0.1,-2.7441938980580614,-1.316385606695729,0.4388430421795163,0.595389694911715
Mackenzie Holmes,SEA,F,10,58,14.0,1.8405592818403245,0.714,0.0,0.0,6.0,-0.12665600113909647,-1.0838772251349575,4.4,1.5,0.0,-2.4336182154254518,156,98.0,0.1,0.1,0.3,1.1636367622341843,0.7337703789135284,-0.47094327471742636,-0.6295302843803833
Natasha Howard,IND,F,44,1060,19.3,0.7603748676513651,0.561,0.091,0.365,9.7,1.3724158115061755,-0.4960501786131998,2.5,2.1,16.8,0.47236176999827273,109,100.0,2.1,2.1,4.2,0.8272665281837126,1.0393596673345307,-1.037658320672608,-1.3925452577464597
Rhyne Howard,ATL,G,33,1151,18.2,0.11589509111845699,0.477,0.635,0.236,3.3,-0.4757549164126531,0.7971693237346675,2.3,2.0,9.1,0.9841066730917589,111,100.0,2.8,2.3,5.1,1.0251313717428134,1.0597291498661727,-0.301784356641298,-0.4017777510892539
Lexie Hull,IND,G,44,1189,10.5,-0.07472568785606544,0.487,0.502,0.12,6.2,-0.04451507989825995,-0.5815522944709101,2.2,0.5,11.5,-0.9897665245545444,107,105.0,1.1,1.6,2.7,0.17431254443867902,0.28373613817003274,-0.20047528295211453,-0.26537703133704266
Sabrina Ionescu,NYL,G,38,1194,20.4,0.23389843048363754,0.472,0.473,0.284,3.1,-0.18826169206972423,1.9086968298849003,2.1,1.2,13.4,1.843107046141539,107,104.0,2.6,1.7,4.3,0.7085476220482518,0.3766242775678616,0.05676113990731488,0.08096147465066432
Kiki Iriafen,WAS,F,44,1185,17.3,0.3337474099464826,0.49,0.024,0.387,11.8,1.967937490502242,-0.39986029827327574,1.1,0.6,15.3,1.0389364841374897,104,105.0,1.5,1.5,3.0,0.2831382083961846,0.1887922055237255,-0.7976484744565268,-1.0694003055783075
Rickea Jackson,LAS,F,38,1173,12.3,0.1703581708254634,0.492,0.387,0.203,4.0,-0.7632481407555819,-0.6243033523997651,1.0,1.1,12.9,0.7647874289088364,100,115.0,0.5,-0.2,0.3,-0.6369333141536354,-1.5191290801234134,0.9956238452606057,1.3450293818510621
Aziaha James,DAL,G,38,673,12.5,-0.4468900658539421,0.43,0.394,0.194,5.9,-0.08558554051867821,-0.04716407036022119,1.8,1.0,11.0,0.6551278068173749,97,113.0,0.0,0.1,0.1,-0.6962927672213657,-1.1397005440429253,0.6137137163547199,0.83083243416952
Moriah Jefferson,CHI,G,5,35,9.6,-0.6647423846819677,0.438,0.375,0.0,0.0,-0.31147307393097934,2.8492201043197123,0.0,0.0,20.0,-1.0994261466460056,104,116.0,0.0,0.0,0.0,-0.5577873767299949,-1.316385606695729,0.9791021825065898,1.3227849114488845
Marine Johannes,NYL,G,44,803,10.6,0.26112997033714075,0.526,0.75,0.075,2.0,-0.7837833710657912,-0.10060289277129009,1.6,1.4,16.6,-0.14904275518667445,96,106.0,-0.1,0.9,0.8,-0.3302428066370287,0.01634343998924254,0.27293874076158925,0.37201911911491803
Brionna Jones,ATL,F,44,1169,22.6,0.6332943483350169,0.541,0.108,0.309,14.0,1.2697396599551294,-0.05785183484243493,2.2,2.6,11.7,0.5089149773620937,119,99.0,4.2,2.6,6.8,1.589046175886252,1.3282980770500024,-1.138908599003974,-1.5288668164834494
Jonquel Jones,NYL,C,31,830,20.3,0.9056097468700489,0.577,0.408,0.297,6.7,1.557232884298058,0.33759545099947497,0.9,3.6,15.8,0.746510825226926,111,100.0,1.9,1.6,3.6,0.9756651608530382,0.975836989262573,-0.998692610756096,-1.3400825247974408
Elizabeth Kitley,LVA,C,12,98,1.0,-1.7903126986267657,0.304,0.043,0.087,4.7,0.03762584134257693,-1.4579489820124398,2.1,5.4,22.7,-0.8070004877354422,59,102.0,-0.4,0.2,-0.2,-1.6262575319491406,1.110329641576453,-0.653254314777186,-0.8749905988159741
Anastasiia Kosu,MIN,F,21,80,13.6,-0.17457466731891053,0.448,0.069,0.517,15.2,0.24297814444466895,-0.5708645299886962,0.7,4.6,16.4,1.0389364841374897,99,105.0,0.0,0.1,0.1,-0.05323202565428714,0.16997748287098244,-0.1953909525652896,-0.2585315800959363
Leïla Lacan,CON,G,25,665,15.9,0.3337474099464826,0.511,0.307,0.193,2.9,-0.9480652135474648,1.1605533161299357,4.3,0.6,16.6,0.10682969636006835,104,109.0,0.7,0.5,1.2,-0.03344554129837702,-0.42233262049018827,0.6439167141839276,0.8714972087307571
Kitija Laksa,PHO,G,33,626,7.4,-0.056571327953729975,0.472,0.667,0.178,2.0,-1.2766288985108118,-1.0518139316883162,1.0,0.9,8.9,-0.6425110545982502,99,109.0,0.2,0.5,0.6,-0.3302428066370287,-0.3666328338096515,0.5339789972677429,0.723479038499639
Carla Leite,GSV,G,37,637,11.5,-0.056571327953729975,0.417,0.338,0.446,1.7,-1.1328822863393475,0.7757937947702396,2.2,0.5,17.7,0.8744470510002981,97,105.0,0.0,0.8,0.8,-0.22141714267952314,0.17697762301022912,0.4020952040610757,0.5459130647722351
Kyara Linskens,GSV,C,4,27,5.0,-1.009675222826341,0.4,0.2,0.0,4.4,0.6331475203386439,-0.9449362868661784,2.0,11.7,28.6,-1.2273623724193774,69,94.0,-0.1,0.1,0.0,-0.5577873767299949,3.0876531772056377,-1.8166647445810054,-2.4413855347654603
Jewell Loyd,LVA,G,44,1245,13.4,0.2248212505324698,0.506,0.614,0.166,4.6,-0.6605719892045359,-0.4746746496487723,2.2,0.8,10.4,-0.02110652941330305,106,107.0,1.6,1.2,2.8,0.17431254443867902,-0.17027430871657817,0.2687465418326013,0.3663748176675201
Marina Mabrey,CON,G,35,1103,11.1,-0.31073236658642656,0.434,0.5,0.189,1.8,-0.4141492254820254,0.9788613199323016,1.1,0.9,15.6,1.2765323320023227,92,114.0,-1.1,-0.1,-1.1,-1.131595423051388,-1.4241907265192437,0.9874472395934796,1.3340205466350998
Natasha Mack,PHO,F-C,34,623,19.5,0.524368188921004,0.573,0.032,0.29,14.1,1.6804442661593135,-0.7953075841151855,2.5,7.9,9.7,-1.3918518055565694,125,96.0,1.6,1.7,3.2,1.3219286370814654,1.9283235454884242,-1.664989166547599,-2.2371722569295365
Ezi Magbegor,SEA,F-C,44,1203,16.1,0.32467022999531486,0.517,0.168,0.29,8.2,0.756358902199899,-0.3784847693088483,1.3,7.2,11.8,-0.8983835061449933,113,100.0,2.1,2.4,4.5,0.7679070751159822,1.0558647108172268,-0.8536673432933328,-1.144823105834953
Dominique Malonga,SEA,C,42,600,20.0,0.4971366490675008,0.559,0.068,0.194,10.5,1.967937490502242,-0.4105480627554895,1.5,4.2,14.4,1.221702520956592,102,99.0,0.6,1.3,1.9,0.520576020667106,1.2599770818865708,-1.3213404510601503,-1.7744897900241514
Rayah Marshall,CON,C-F,15,90,7.1,-1.009675222826341,0.346,0.038,0.462,8.9,1.4956271933674303,-0.8059953485973994,1.2,3.2,18.3,0.08855309267815852,80,109.0,-0.2,0.1,-0.2,-1.4481791727459496,0.0048260284746811455,-0.546599730633761,-0.7313927796643697
Kate Martin,GSV,G,42,687,9.4,-0.47412160570744527,0.43,0.692,0.154,3.5,-0.08558554051867821,-0.45329912068434464,1.3,0.6,10.7,0.5089149773620937,93,104.0,-0.4,1.0,0.6,-0.4093887440606691,0.41445933020873854,-0.1899102055358827,-0.25115240059732136
Kayla McBride,MIN,G,39,1220,16.0,0.6605258881885201,0.536,0.61,0.245,1.0,-1.1534175166495568,0.2093422772129097,2.1,0.2,12.4,0.28959573317917053,113,104.0,2.9,1.7,4.6,0.7778003172939373,0.34054373905076873,0.23943276870248112,0.3269072792921463
Megan McConnell,PHO,G,1,13,15.4,-1.2366047216055345,0.375,0.5,0.0,8.6,-1.1328822863393475,2.079701061600321,3.9,0.0,0.0,-0.9166601098269035,119,104.0,0.0,0.0,0.1,0.8767327390734879,-1.316385606695729,1.132125615672774,1.5288129172606721
Teaira McCowan,DAL,C,17,219,20.3,0.7694520476025328,0.545,0.03,0.433,15.1,2.1527545632941245,-0.7846198196329718,1.2,5.2,16.7,0.033723281632427736,113,108.0,0.5,0.2,0.7,0.530469262845061,-0.23045823532278903,-0.7151818585973228,-0.958368733093152
Aari McDonald,IND,G,20,525,14.0,0.3972876696046567,0.506,0.506,0.331,2.0,-0.9275299832372554,1.299494254398715,2.4,0.5,20.7,0.033723281632427736,106,106.0,0.7,0.6,1.4,0.30292469275209466,0.0425749323366926,0.40837926535949454,0.554373812194535
Emma Meesseman,NYL,F,17,440,22.8,1.2596197649655905,0.616,0.132,0.233,6.2,0.32511906568550586,0.8399203816635225,2.5,2.7,17.0,0.6185745994535545,115,102.0,1.3,0.8,2.1,1.1735300044121395,0.8455970690376692,-0.46760055945625834,-0.6250297125071385
Jade Melbourne,WAS,G,43,1008,7.4,-0.1382659475142396,0.458,0.422,0.324,2.1,-1.0302061347883014,0.5406629761615366,1.3,0.8,21.9,-0.6790642619620708,93,109.0,-0.5,0.7,0.2,-0.6567197985095454,-0.49062833471422274,0.6554642388064212,0.8870445887679775
Kelsey Mitchell,IND,G,44,1381,19.9,0.5697540886768427,0.536,0.408,0.275,1.6,-1.3382345894414396,0.47653638926825415,1.4,0.5,9.1,1.6237878019586165,114,109.0,4.5,1.0,5.6,0.8668394968955329,-0.45534978363029166,0.7341731238209748,0.9930168198419389
Aneesah Morrow,CON,F,41,775,15.0,-0.4559672458051098,0.405,0.251,0.318,12.4,2.4197125573268443,-1.0838772251349575,2.1,2.3,11.7,0.6916810141811959,95,106.0,-0.2,0.9,0.7,-0.389602259704759,0.06449365070818358,-0.9453332441737805,-1.268240430675846
Murjanatu Musa,PHO,C,12,122,13.6,-0.08380286780723319,0.471,0.057,0.314,16.6,0.9411759749917818,-0.6136155879175513,1.7,1.5,14.9,-0.27697898096004586,107,104.0,0.2,0.2,0.3,0.35239090364187,0.6329430353589744,-0.7098499233048825,-0.9511899110481261
Olivia Nelson-Ododa,CON,C,37,800,17.2,0.6060628084815136,0.528,0.009,0.516,8.6,0.7768941325101082,-0.7846198196329718,1.8,5.2,13.2,-0.27697898096004586,111,109.0,1.5,0.6,2.1,0.30292469275209466,-0.4245677529557022,-0.14021715490257602,-0.1842465685110312
Kia Nurse,CHI,G,44,962,7.1,-0.1382659475142396,0.459,0.625,0.213,2.2,-0.7427129104453727,-0.5922400589531238,0.8,0.2,14.7,-0.258702377278136,95,117.0,-0.2,-0.4,-0.6,-0.9733035482041072,-1.8108099192335123,1.1207435625105349,1.5134883250296693
Aaliyah Nye,LVA,G-F,44,671,5.7,-0.3470410863910975,0.453,0.69,0.099,2.6,-0.8659242923066278,-1.0304384027238886,1.0,1.2,13.1,-0.8801069024630832,91,109.0,-0.4,0.4,0.0,-0.7061860093993207,-0.607538827766746,0.5154242707344596,0.6984972874897539
Arike Ogunbowale,DAL,G,29,966,13.3,-0.15642030741657506,0.423,0.391,0.287,1.1,-1.1534175166495568,0.5941017985726055,2.0,0.7,11.6,0.8013406362726567,102,114.0,0.8,0.0,0.8,-0.4093887440606691,-1.316385606695729,1.122417634352057,1.5157422653312174
Nneka Ogwumike,SEA,F,44,1359,21.8,0.8057607674072038,0.572,0.292,0.191,5.1,0.7768941325101082,-0.17541724414678644,1.9,1.2,11.3,1.2034259172746815,110,102.0,3.3,2.4,5.7,0.9360921921412183,0.7835534160916777,-0.6674971186773639,-0.8941668545305823
Amy Okonkwo,DAL,F,8,157,21.9,1.0780761659422358,0.574,0.492,0.328,4.9,-0.16772646175951508,-0.8914974644551095,3.6,0.6,9.1,0.45408516631636286,121,109.0,0.5,0.1,0.7,0.9261989499632632,-0.5590031406744748,0.2419513434890075,0.3302982432119817
Lucy Olsen,WAS,G,41,508,10.4,-0.1382659475142396,0.475,0.44,0.107,2.7,-0.8453890619964187,0.1986545127306958,1.5,0.9,11.2,-0.3318087920057766,100,108.0,0.2,0.4,0.6,-0.2708833535692984,-0.38009389673244603,0.4987103375978166,0.6759939476929372
Michaela Onyenwere,CHI,F,42,711,7.8,0.12497227106962472,0.479,0.322,0.242,2.8,-0.8659242923066278,-0.3677970048266345,1.2,0.5,19.3,-0.09421294414094367,94,116.0,-0.3,-0.2,-0.5,-0.9831967903820622,-1.6508695649667187,1.1137660821669875,1.5040939706420586
Te-Hina PaoPao,ATL,G,43,720,13.1,0.4335963894093277,0.557,0.606,0.06,1.7,-0.8659242923066278,0.9147347330390189,1.5,1.1,16.4,-0.31353218832386615,108,104.0,1.0,1.1,2.1,0.41175035670960036,0.500280391663585,0.12117173346492041,0.16768274255879795
Cheyenne Parker-Tyus,LVA,F,2,14,37.3,2.1854921199846986,0.688,0.25,0.75,0.0,-0.3320083042411885,-1.6182654492456465,0.0,0.0,8.6,3.488001377513459,133,110.0,0.1,0.0,0.1,2.8751676590204083,-1.316385606695729,0.6018606228371831,0.8148736416526469
Robyn Parks,CON,F,6,63,1.1,-2.8251112130598863,0.2,0.8,0.0,1.8,-0.29093784362077024,-1.115940518581599,1.7,0.0,16.7,-2.652937459608374,59,113.0,-0.1,0.0,-0.1,-1.1810616339411633,-1.316385606695729,0.5915705361456969,0.8010192534925346
Haley Peters,CON,F-G,33,380,5.0,-1.118601382240354,0.354,0.476,0.159,7.5,0.34565429599571496,-0.485362414130986,1.5,0.8,20.1,-1.0445963356002752,83,113.0,-0.6,0.1,-0.5,-1.2602075713648038,-1.0034670615237897,0.33767197821856054,0.45917478898226977
Kelsey Plum,LAS,G,43,1508,18.1,-1.6178462795545787,0.502,0.451,0.395,0.8,2.234895484534962,-0.9235607579017509,1.8,0.2,15.3,-1.1908091650555568,111,114.0,4.1,0.0,4.2,-2.1011331564909836,-1.316385606695729,-0.18299918248465163,-0.24184752311611812
Alexis Prince,PHO,F,1,22,-1.6,0.16128099087429565,0.333,0.333,0.0,0.0,-0.6605719892045359,0.9467980264856602,0.0,0.0,50.0,0.38097875158872163,40,100.0,-0.1,0.0,-0.1,-0.4588549549504444,-0.8751646524644231,0.765721258262068,1.0354926622112695
JJ Quinerly,DAL,G,34,539,13.2,0.23389843048363754,0.481,0.287,0.239,3.7,2.7688114726004005,0.6796039144303158,2.7,1.2,20.0,1.1303195025470407,99,111.0,0.2,0.2,0.4,0.0555936383032184,0.1903816224320881,-0.9762165160382126,-1.3098211139968257
Angel Reese,CHI,F,30,947,19.9,-0.14734312746540731,0.464,0.066,0.515,15.4,-0.7221776801351634,0.3482832154816885,2.4,2.0,22.4,-0.13076615150476398,101,105.0,0.7,1.2,1.9,-0.4687481971283995,-0.6660170716072865,0.6194763687911296,0.8385911660519143
Saniya Rivers,CON,G,42,1097,13.6,0.8874553869677134,0.468,0.361,0.169,3.0,-0.04451507989825995,-0.22885606655785534,2.9,3.4,14.2,-0.27697898096004586,98,110.0,0.1,0.6,0.7,0.8470530125396227,0.6409649639271009,-0.34108971846367603,-0.45469778527239
Iliana Rupert,GSV,C,21,486,15.9,0.0160461116556119,0.588,0.68,0.105,5.2,-0.22933215269014248,-0.4746746496487723,1.4,2.6,11.1,-1.4284050129203898,117,103.0,1.2,0.8,1.9,-0.2708833535692984,-1.316385606695729,0.6605009645848192,0.8938259460181264
Mercedes Russell,LAS,C,20,163,9.6,0.16128099087429565,0.444,0.0,0.519,7.5,0.9617112053019911,-0.8808096999728957,1.6,2.3,17.4,-0.5876812435525197,108,113.0,0.2,0.0,0.2,0.35239090364187,1.0228087637699148,-0.9307131063035975,-1.248556139271823
Nyara Sabally,NYL,C,17,305,13.5,0.19758971067896658,0.493,0.092,0.329,10.9,0.5715418294080161,0.24140557065955073,1.5,5.1,15.5,1.89793685718727,104,101.0,0.3,0.6,0.8,0.728334106404162,0.9725277169873686,-0.6395467258927954,-0.8565349469990933
Satou Sabally,PHO,F,39,1039,19.5,0.10681791116728924,0.469,0.406,0.359,5.8,0.22244291413445982,-0.6884299392930479,2.4,1.2,11.4,0.4358085626344524,105,101.0,1.8,2.0,3.8,-0.0037658147645119695,0.39453593525156433,-0.3165195864082221,-0.4216170001587797
Janelle Salaün,GSV,F,36,973,12.0,0.3519017698488181,0.493,0.475,0.171,3.9,-0.9686004438576739,-0.5388012365420549,1.2,0.3,12.0,-1.2639155797831978,99,104.0,0.3,1.4,1.8,0.0555936383032184,0.24820711916396707,0.15003029357492506,0.20653739028851417
Karlie Samuelson,MIN,G,16,228,6.8,0.34282458989765036,0.476,0.81,0.333,1.6,-1.7694744259558326,-0.8487464065262544,1.4,0.4,18.6,-0.9714899208726343,105,105.0,0.2,0.3,0.5,0.1248463335489037,-1.316385606695729,1.1643256497801098,1.5721664656482661
Madison Scott,WAS,G-F,9,47,8.4,1.1143848857469068,0.455,0.091,0.364,2.6,2.2554307148451707,0.4551608603038263,2.2,0.0,7.3,-0.31353218832386615,113,110.0,0.1,0.0,0.1,1.4802205119287464,1.2469231944732104,-1.4034814392382875,-1.8850829432399232
Jessica Shepard,MIN,F,40,835,21.1,0.4426735693604954,0.638,0.005,0.498,13.4,-0.16772646175951508,-1.0518139316883162,1.2,0.4,18.7,0.05199988531433821,122,99.0,2.9,1.8,4.6,0.3128179349300497,-1.316385606695729,0.6024149015659939,0.8156199125916654
Maddy Siegrist,DAL,F,26,702,17.4,0.46990510921399764,0.539,0.301,0.216,8.2,0.3045838353752967,0.1452156903196269,1.4,2.0,4.5,-0.24042577359622555,117,114.0,1.8,0.0,1.8,0.9756651608530382,1.7790922818094503,-0.9948901989273268,-1.33496302571062
Alanna Smith,MIN,F,42,1114,18.1,0.5334453688721718,0.565,0.488,0.197,7.1,0.5099361384773887,0.6261650920192469,2.6,6.6,15.3,1.5324047835490655,110,96.0,1.9,2.9,4.8,1.3021421527255552,1.1922440803366952,-0.7180505968471774,-0.9622311508195383
Azura Stevens,LAS,F-C,44,1249,20.2,-0.9733665030216702,0.564,0.454,0.234,7.2,1.3313453508857565,-1.115940518581599,2.2,3.5,12.0,-2.2874053859701697,115,106.0,3.2,1.5,4.7,-0.12248472089997257,0.765679421491104,-0.9893354287056222,-1.3274841827135633
Breanna Stewart,NYL,F,31,948,23.7,-4.640547203293432,0.487,0.213,0.495,4.0,-1.5025164319231132,-1.6182654492456465,2.3,4.0,10.8,-2.360511800697811,113,100.0,2.9,2.0,4.9,-2.813446593303747,-1.316385606695729,1.016075391068656,1.3725649763114547
Kiah Stokes,LVA,C,40,514,7.2,0.10681791116728924,0.382,0.451,0.157,6.6,-1.173952746959766,1.053675671307798,1.7,2.4,22.7,-0.532851432506789,92,102.0,-0.1,0.9,0.8,-0.4984279236622646,-0.5745288061989747,0.7904451712062143,1.0687804951552262
Serena Sundell,DAL,G,3,22,-9.6,-2.915883012571564,0.0,1.0,0.0,0.0,1.146528278093874,-1.0090628737594611,0.0,0.0,66.7,0.5271915810440035,0,119.0,-0.1,0.0,-0.1,-3.5257600301165106,-1.316385606695729,0.2631981251030422,0.3589045288983328
Sug Sutton,WAS,G,43,1122,9.8,-2.507409914769016,0.496,0.422,0.17,0.9,-0.02397984958805046,-0.7632442906685443,1.5,0.3,21.5,-0.22214916991431505,96,109.0,-0.1,0.7,0.7,-1.1711683917632083,1.9866434812302964,-1.0176996704867947,-1.365673289111352
Camryn Taylor,MIN,F,6,23,-9.7,0.5152910089698363,0.214,0.429,0.286,10.6,1.2697396599551294,4.1103763132209385,0.0,0.0,27.6,1.0206598804555793,46,105.0,-0.2,0.0,-0.2,1.5000069962846565,1.4104393897247731,-0.8118106550305971,-1.0884680114926912
Taylor Thierry,ATL,G-F,17,36,5.5,-0.16549748736774278,0.227,0.273,0.364,6.7,0.756358902199899,-0.5708645299886962,5.8,0.0,7.3,1.0389364841374897,65,94.0,-0.1,0.1,0.0,0.3128179349300497,1.0186863164906457,-0.8015594886450019,-1.0746660249343625
Alyssa Thomas,PHO,F,39,1221,25.2,0.7603748676513651,0.532,0.013,0.373,5.9,1.2081339690245017,-1.5434510978701501,2.6,1.3,20.4,-0.5694046398706096,114,98.0,4.1,2.8,6.9,1.0053448873869035,1.3984328217366202,-1.2723843681730527,-1.7085761980932248
Kayla Thornton,GSV,F,22,662,15.1,-0.4468900658539421,0.435,0.514,0.297,7.2,-1.4614459713026948,-0.5174257075776273,2.3,0.8,10.3,-0.7887238840535321,101,100.0,0.4,1.3,1.7,-1.2206346026529835,-1.316385606695729,1.1328002607355718,1.5297212472729
Makayla Timpson,IND,F-C,31,219,17.8,-0.8099772639006514,0.561,0.0,0.474,9.8,0.6331475203386439,-0.5494890010242687,3.0,3.3,10.4,-1.867043501286235,116,99.0,0.5,0.5,1.0,-0.17195093178974782,0.21463216796526122,-0.4167463784211023,-0.5565605552736426
Mamignan Touré,CON,G,18,147,5.1,0.252052790385973,0.462,0.564,0.0,3.1,1.3108101205755478,-0.7525565261863305,2.5,0.0,17.0,0.16165950740579912,87,115.0,-0.2,0.0,-0.2,1.0053448873869035,2.1903155161426255,-1.6187814744910518,-2.1749590491181765
Brianna Turner,IND,F-C,27,233,7.5,0.043277651509115105,0.406,0.031,0.25,9.2,-0.6400367588943268,2.1545154129758166,0.4,3.1,20.2,0.38097875158872163,101,106.0,0.1,0.3,0.3,-0.2412036270354332,-0.6938251503327084,0.7619748214490569,1.0304485268817065
Maria Kliundikova,MIN,F,34,373,19.6,-0.8644403436076579,0.531,0.195,0.164,14.1,-1.0096709044780923,0.6047895630548195,3.5,6.4,14.4,0.16165950740579912,106,94.0,0.5,1.1,1.6,-1.7350831959066462,-1.316385606695729,1.1047794457363422,1.4919945245346729
Courtney Vandersloot,CHI,G,7,191,15.4,0.10681791116728924,0.477,0.348,0.197,1.2,-0.7632481407555819,-0.634991116881979,3.0,1.0,19.2,-1.46495822028421,101,110.0,0.1,0.1,0.2,-0.013659056942467033,0.6990219723777779,-0.15376770990652347,-0.2024907927278172
Hailey Van Lith,CHI,G,29,361,5.6,-0.2653464668305879,0.362,0.284,0.284,1.3,-0.4141492254820254,-0.8059953485973994,1.7,1.0,22.7,-0.8070004877354422,80,114.0,-0.9,0.0,-0.9,0.06548688048117347,0.6354043088969225,-0.2559251235950364,-0.3400337022394387
Shatori Walker-Kimbrough,ATL,G,41,354,7.8,-0.3016551866352588,0.5,0.492,0.175,1.0,0.07869630196299555,-0.45329912068434464,1.5,2.7,18.1,-0.459745017779148,97,102.0,0.0,0.6,0.6,-0.44896171277248936,-0.9804843435168111,0.41381149804260575,0.5616876728474427
Kathryn Westbeld,PHO,F,43,792,10.5,0.034200471557947365,0.456,0.609,0.149,4.3,-0.7221776801351634,0.572726269608178,2.3,2.9,9.5,0.3444255442249013,100,103.0,0.3,1.3,1.6,0.006127427413443093,0.4788664375411515,0.07611770685576968,0.10702280921385844
Maddy Westbeld,CHI,F,26,354,10.4,0.2974386901418117,0.443,0.41,0.152,7.1,-0.7427129104453727,0.1986545127306958,1.9,1.9,12.5,-0.03938313309521288,100,112.0,0.1,0.1,0.2,0.006127427413443093,0.07300929689145975,0.2449759185114794,0.3343704767739571
Erica Wheeler,SEA,G,44,1126,13.2,-0.5013531455609485,0.49,0.486,0.119,1.8,-0.9891356741678832,-0.4639868851665584,2.5,0.7,13.3,0.033723281632427736,99,104.0,0.4,1.7,2.1,-0.7655454624670511,-1.316385606695729,0.9686482351773646,1.308709904265098
Sami Whitcomb,PHO,G,43,1027,11.4,-0.1382659475142396,0.513,0.71,0.161,1.8,0.058161071652786056,2.1865787064224587,1.6,0.6,15.7,1.2582557283204123,102,106.0,0.7,1.2,1.9,0.6392949268025667,1.137293144335033,-0.38977825797193755,-0.520251161596666
Christyn Williams,DAL,G,4,45,8.7,-0.08380286780723319,0.406,0.25,0.375,4.9,0.9411759749917818,0.1238401613551994,0.0,0.0,5.1,0.36270214790681177,103,120.0,0.0,0.0,0.0,-0.14227120525588272,-0.5289084731504514,-0.04962655505685093,-0.06227700969686606
Courtney Williams,MIN,G,44,1260,17.9,-0.029339788100226773,0.478,0.257,0.091,2.2,-0.352543534551398,0.6368528565014608,2.3,1.0,14.3,0.08855309267815852,104,100.0,1.8,2.6,4.4,0.23367199750640938,1.07718256054326,-0.35358456845013303,-0.4715206271885787
Elizabeth Williams,CHI,C-F,43,906,17.2,0.252052790385973,0.48,0.0,0.248,10.4,-0.8248538316862094,0.09177686790855799,1.8,4.0,13.4,0.23476592213344039,102,109.0,0.7,0.6,1.3,-0.13237796307792765,-0.20508610047762693,0.41009421917712074,0.5566827952554568
Gabby Williams,SEA,F,44,1391,15.6,0.7694520476025328,0.475,0.35,0.16,2.0,1.8857965692614056,0.5834140340903919,3.6,1.4,14.3,2.3914051565988457,100,100.0,0.5,2.8,3.4,2.2815731283431053,1.8303654409835957,-1.5318116265905224,-2.0578644057818107
Kiana Williams,PHO,G,11,107,11.9,0.7694520476025328,0.538,0.65,0.1,0.0,-0.2704026133105611,1.6842537757584108,1.4,0.0,12.6,0.9841066730917589,100,106.0,0.0,0.1,0.2,1.2229962153019147,0.10767483839812628,0.166442020527039,0.2286338450988014
A'ja Wilson,LVA,C,40,1247,33.4,0.8602238471142102,0.524,0.09,0.441,8.5,-0.5373606073432807,-0.1326661862179313,2.7,6.4,10.0,0.1433829037238893,119,96.0,6.2,3.3,9.5,0.6491881689805217,0.5333106825428451,-0.09206311913363047,-0.11941283843459906
Jackie Young,LVA,G,44,1336,22.3,-0.5104303255121162,0.548,0.408,0.26,4.5,-0.08558554051867821,-0.4746746496487723,2.2,1.2,13.9,-1.4832348239661206,117,106.0,4.9,1.6,6.6,-0.23131038485747812,-0.276364786007651,0.09415402466505,0.13130658401583975
Cecilia Zandalasini,GSV,F,19,450,15.6,0.19758971067896658,0.57,0.607,0.213,1.3,-0.8453890619964187,-1.0304384027238886,2.1,0.9,13.2,0.033723281632427736,111,103.0,0.8,0.7,1.6,-0.10269823654406246,-1.316385606695729,0.8540163477788574,1.1543715870904516
Alysha Clark,WAS,F,15,343,7.6,,0.435,0.594,0.188,2.5,,,1.1,0.6,6.3,,102,108.0,0.1,0.3,0.4,,,,
Jacy Sheldon,WAS,G,2,32,8.7,,0.45,0.6,0.5,3.8,,,0.0,0.0,7.6,,108,113.0,0.0,0.0,0.1,,,,
